{
    "data":[
      {
          "cordinates": [
          {
            "start": [444, 451],
            "end": [515, 472]
          },
          {
            "start": [402, 413],
            "end": [439, 443]
          },
          {
            "start": [354, 471],
            "end": [393, 492]
          },
          {
            "start": [247, 459],
            "end": [293, 505]
          },
          {
            "start": [696, 248],
            "end": [748, 281]
          }
        ],
        "color": "#3690EA"
      },
      {
        "cordinates": [
          {
            "start": [410, 561],
            "end": [446, 582]
          },
          {
            "start": [323, 547],
            "end": [337, 553]
          }
        ],
        "color": "#00CC78"
      },
      {
        "cordinates": [
          {
            "start": [689, 353],
            "end": [731, 368]
          },
          {
            "start": [680, 344],
            "end": [697, 355]
          }
        ],
        "color": "#FFB470"
      },
      {
        "cordinates": [
          {
            "start": [520, 390],
            "end": [558, 407]
          },
          {
            "start": [489, 387],
            "end": [513, 408]
          }
        ],
        "color": "#FFD635"
      }
    ]
  }