{
  "data":[
    {
      "cordinates": [
        {
          "start": [178, 615],
          "end": [202, 632],
          "color": "#000000"
        },
        {
          "start": [171, 506],
          "end": [201, 575],
          "color": "#000000"
        },
        {
          "start": [75, 506],
          "end": [108, 559],
          "color": "#000000"
        },
        {
          "start": [108, 506],
          "end": [151, 517],
          "color": "#000000"
        },
        {
          "start": [107, 562],
          "end": [126, 580],
          "color": "#BF4300"
        }
      ],
      "template": "6355200889"
    },
    {
      "cordinates": [
        {
          "start": [872, 873],
          "end": [907, 997],
          "color": "#000000"
        },
        {
          "start": [963, 873],
          "end": [997, 993],
          "color": "#000000"
        },
        {
          "start": [908, 872],
          "end": [963, 896],
          "color": "#000000"
        },
        {
          "start": [910, 907],
          "end": [927, 925],
          "color": "#FFFFFF"
        }
      ],
      "template": "917981974"
    },
    {
      "cordinates": [
        {
          "start": [35, 20],
          "end": [158, 52],
          "color": "#000000"
        },
        {
          "start": [35, 104],
          "end": [90, 145],
          "color": "#000000"
        },
        {
          "start": [107, 104],
          "end": [161, 145],
          "color": "#000000"
        },
        {
          "start": [139, 82],
          "end": [162, 145],
          "color": "#000000"
        }
      ],
      "template": "6578955397"
    },
    {
      "cordinates": [
        {
          "start": [137, 864],
          "end": [264, 897],
          "color": "#FFFFFF"
        },
        {
          "start": [137, 897],
          "end": [203, 911],
          "color": "#FFFFFF"
        },
        {
          "start": [209, 955],
          "end": [264, 991],
          "color": "#FFFFFF"
        },
        {
          "start": [137, 941],
          "end": [184, 991],
          "color": "#FFFFFF"
        },
        {
          "start": [219, 901],
          "end": [239, 913],
          "color": "#3690EA"
        },
        {
          "start": [244, 915],
          "end": [252, 936],
          "color": "#3690EA"
        }
      ],
      "template": "689952357"
    },
    {
      "cordinates": [
        {
          "start": [918, 638],
          "end": [968, 670],
          "color": "#000000"
        },
        {
          "start": [842, 634],
          "end": [882, 669],
          "color": "#000000"
        },
        {
          "start": [881, 651],
          "end": [921, 669],
          "color": "#000000"
        },
        {
          "start": [924, 571],
          "end": [941, 585],
          "color": "#FFFFFF"
        },
        {
          "start": [866, 572],
          "end": [882, 580],
          "color": "#FFFFFF"
        },
        {
          "start": [878, 578],
          "end": [914, 595],
          "color": "#FFFFFF"
        }
      ],
      "template": "7319890725"
    },
    {
      "cordinates": [
        {
          "start": [633, 872],
          "end": [655, 942],
          "color": "#000000"
        },
        {
          "start": [655, 904],
          "end": [676, 942],
          "color": "#000000"
        },
        {
          "start": [676, 922],
          "end": [713, 942],
          "color": "#000000"
        },
        {
          "start": [735, 815],
          "end": [759, 942],
          "color": "#000000"
        },
        {
          "start": [717, 816],
          "end": [759, 852],
          "color": "#000000"
        }
      ],
      "template": "5315487777"
    },
    {
      "cordinates": [
        {
          "start": [46, 654],
          "end": [129, 704],
          "color": "#FFD635"
        },
        {
          "start": [78, 577],
          "end": [129, 633],
          "color": "#FFD635"
        }
      ],
      "template": "5246825465"
    },
    {
      "cordinates": [
        {
          "start": [111, 271],
          "end": [237, 293],
          "color": "#000000"
        },
        {
          "start": [162, 294],
          "end": [187, 309],
          "color": "#000000"
        },
        {
          "start": [111, 294],
          "end": [133, 309],
          "color": "#000000"
        }
      ],
      "template": "1972552043"
    },
    {
      "cordinates": [
        {
          "start": [107, 277],
          "end": [233, 308],
          "color": "#2450A4"
        }
      ],
      "template": "1709562088"
    },
    {
      "cordinates": [
        {
          "start": [927, 303],
          "end": [950, 365],
          "color": "#3690EA"
        },
        {
          "start": [823, 268],
          "end": [847, 365],
          "color": "#3690EA"
        },
        {
          "start": [909, 268],
          "end": [950, 284],
          "color": "#3690EA"
        },
        {
          "start": [823, 238],
          "end": [950, 248],
          "color": "#3690EA"
        },
        {
          "start": [855, 331],
          "end": [917, 358],
          "color": "#000000"
        },
        {
          "start": [873, 292],
          "end": [921, 315],
          "color": "#000000"
        }
      ],
      "template": "6980731838"
    },
    {
      "cordinates": [
        {
          "start": [789, 2],
          "end": [810, 90],
          "color": "#000000"
        },
        {
          "start": [716, 11],
          "end": [761, 22],
          "color": "#000000"
        },
        {
          "start": [684, 113],
          "end": [756, 127],
          "color": "#000000"
        },
        {
          "start": [700, 100],
          "end": [719, 108],
          "color": "#00A368"
        }
      ],
      "template": "1325258259"
    },
    {
      "cordinates": [
        {
          "start": [191, 182],
          "end": [227, 205],
          "color": "#000000"
        },
        {
          "start": [182, 188],
          "end": [193, 205],
          "color": "#000000"
        },
        {
          "start": [100, 122],
          "end": [226, 130],
          "color": "#000000"
        },
        {
          "start": [100, 197],
          "end": [160, 205],
          "color": "#000000"
        },
        {
          "start": [116, 137],
          "end": [155, 160],
          "color": "#FFFFFF"
        }
      ],
      "template": "1073319934"
    },
    {
      "cordinates": [
        {
          "start": [120, 121],
          "end": [183, 182],
          "color": "#00CC78"
        }
      ],
      "template": "1307361893"
    },
    {
      "cordinates": [
        {
          "start": [527, 872],
          "end": [553, 933],
          "color": "#000000"
        }
      ],
      "template": "6476501580"
    },
    {
      "cordinates": [
        {
          "start": [528, 872],
          "end": [543, 910],
          "color": "#00756F"
        },
        {
          "start": [528, 872],
          "end": [553, 887],
          "color": "#00756F"
        },
        {
          "start": [528, 911],
          "end": [533, 946],
          "color": "#00756F"
        },
        {
          "start": [633, 872],
          "end": [655, 882],
          "color": "#00756F"
        },
        {
          "start": [641, 914],
          "end": [655, 943],
          "color": "#00756F"
        },
        {
          "start": [649, 883],
          "end": [655, 914],
          "color": "#00756F"
        },
        {
          "start": [535, 912],
          "end": [558, 937],
          "color": "#009EAA"
        },
        {
          "start": [635, 884],
          "end": [644, 912],
          "color": "#009EAA"
        },
        {
          "start": [544, 889],
          "end": [553, 910],
          "color": "#009EAA"
        }
      ],
      "template": "6989019093"
    }
  ]
}